Feature,LightGBM_Gain,XGBoost_Gain,CatBoost_Gain,Abs_Correlation,LGBM_Norm,XGB_Norm,CB_Norm,Corr_Norm,Tree_Score,NN_Score,Combined_Score
risk_score_composite,1304472.7175791264,0.37804980874061583,7.480768440373851,0.58209077094197,1.0,0.9999999997354846,0.9999999999866324,0.9999999998282054,0.9999999999073723,0.9999999998282054,0.9999999998836222
CLV_simple,311982.9766547441,0.036070425808429715,4.604832988106917,0.5790894154538111,0.23916404877652794,0.09541183453854582,0.6155561457019562,0.9948438358114038,0.31671067633900996,0.9948438358114038,0.5201506241807281
risk_echeck_mtm,3054.708761262894,0.026117176190018652,3.4134554917587856,0.5278351886512876,0.002341719163687762,0.06908395555102513,0.4562974404194456,0.9067918869533658,0.1759077050447195,0.9067918869533658,0.39517295961731336
CROSS_Dependents_Contract,6474.799201607704,0.0026269288267940284,5.935600441844483,0.38812679159430374,0.004963537461805872,0.006948631543685108,0.793447957796767,0.666780527888354,0.26845337560075266,0.666780527888354,0.38795152128703303
CROSS_Contract_InternetService,92065.99314541816,0.18994162380695342,0.35999544708571346,0.42726586037521636,0.07057717030393443,0.502424864039627,0.04812278978426853,0.7340193001349089,0.20704160804261,0.7340193001349089,0.36513491567029965
total_per_tenure_sq,57681.401024222374,0.0050834289751946924,3.7141919158372274,0.4090133792518804,0.04421817355541861,0.01344645297079847,0.4964987147232111,0.7026625392457728,0.1847211137498094,0.7026625392457728,0.34010354139859844
monthly_x_inv_tenure,16756.5040643692,0.00661432184278965,1.9677619632596357,0.47642626280688194,0.012845423164898647,0.01749590050865022,0.26304275809598415,0.818474173631127,0.09779469392317768,0.818474173631127,0.3139985378355624
CROSS3_Contract_InternetService_PaymentMethod,122792.71649360657,0.018413173034787178,2.003938366229602,0.42137165540601007,0.09413206948589037,0.04870568005643429,0.2678786787982262,0.7238933794668052,0.13690547611351694,0.7238933794668052,0.3130018471195034
cost_per_service,16376.31452832222,0.0011698764516040682,2.7120536944374978,0.43364407709420527,0.012553972427046079,0.0030945034867013595,0.3625367789442911,0.7449767264269829,0.12606175161934619,0.7449767264269829,0.3117362440616372
monthly_per_tenure,23248.91846129894,0.0039270440582185985,1.6705119045079093,0.4764262628068819,0.017822464316804475,0.010387636672167248,0.22330752753551278,0.8184741736311268,0.0838392095081615,0.8184741736311268,0.3042296987450511
risk_mtm_no_security,1534.7005867004395,0.001248535350896418,1.4248815076830768,0.4958757813455946,0.0011764911339415178,0.003302568396279219,0.19047261240889596,0.8518873791074775,0.06498389064637224,0.8518873791074775,0.30105493718470383
WoE_Contract,464.8881099700928,0.004311332642100751,1.8778787050750112,0.458052246761957,0.0003563800941984007,0.011404139193516669,0.2510275140873177,0.7869086224164348,0.08759601112501092,0.7869086224164348,0.2973897945124381
CROSS_Contract_PaymentMethod,13111.023428726196,0.006198839750140905,2.2046875727860846,0.4249694983278158,0.010050822261011304,0.016396886349846852,0.29471405114718857,0.7300742761598853,0.10705391991934891,0.7300742761598853,0.2939600267915098
CROSS3_Contract_PaymentMethod_PaperlessBilling,16004.081037044525,0.0023084914311766623,2.264360213272126,0.4134145317733037,0.012268620739531683,0.006106315562640351,0.30269085740190294,0.7102234777460431,0.10702193123469166,0.7102234777460431,0.2879823951880971
fiber_no_security,10912.335171031951,0.011919080466032028,0.853265626997006,0.46719570409044453,0.008365322650276152,0.031527804504345246,0.11406122696974672,0.8026165803215572,0.051318118041456036,0.8026165803215572,0.27670765672548636
risk_mtm_high,77.70146350860595,0.0007479910214897245,0.058708758726669676,0.5189445116408727,5.956541862585391e-05,0.0019785515135786625,0.007847958293834171,0.8915181917623217,0.0032953584086795624,0.8915181917623217,0.26976220841477216
WoE_PaymentMethod,3608.737861585617,0.006791842728853225,0.6239906939847095,0.47617256357565463,0.0027664341407483053,0.017965470607384005,0.08341264656832292,0.818038332274678,0.03471485043881841,0.818038332274678,0.26971189498957626
GRP_Contract_TotalCharges_mean,142.33199462890624,0.0,0.872127075820257,0.4696904509380314,0.00010911074851227979,0.0,0.11658255201453799,0.8069024184961106,0.03889722092101675,0.8069024184961106,0.26929878019354486
ORIG_prob_Contract,254.55155878067018,0.0,0.7264548466901946,0.4708547379010338,0.00019513751062043936,0.0,0.09710965557492635,0.8089025996034631,0.03243493102851559,0.8089025996034631,0.26537523160099985
total_log_ratio,4390.760463786125,0.0007683415547944606,0.36972430460762484,0.47998631269805847,0.0033659274008693797,0.0020323818100868025,0.04942330558011572,0.8245901439716357,0.018273871597023966,0.8245901439716357,0.2601687533094075
GRP_Contract_TotalCharges_std,39.03160095214844,0.0,0.5765750827331657,0.4677333030786807,2.9921362421886657e-05,0.0,0.07707431226097997,0.8035401458803684,0.025701411207800617,0.8035401458803684,0.25905303160957094
CROSS3_Contract_InternetService_PaperlessBilling,58784.985895109174,0.007463747449219227,0.9396953660098782,0.41363135296651077,0.04506417428507347,0.019742762129965553,0.12561481798123345,0.7105959646570088,0.06347391813209081,0.7105959646570088,0.2576105320895662
ORIG_prob_PaymentMethod,3795.454587841034,0.0,0.35493581223740195,0.47489828719850896,0.002909569925605447,0.0,0.047446437496589514,0.8158491953899536,0.01678533580739832,0.8158491953899536,0.2565044936821649
WoE_InternetService,821.7823599815368,0.037189611792564393,0.6951059646848382,0.4037468478524711,0.0006299728226640274,0.09837225392763886,0.09291905908008675,0.6936149273243847,0.06397376194346321,0.6936149273243847,0.25286611155773964
COUNT_PaymentMethod,2208.432101869583,4.7211340279318394e-05,0.12464044741787497,0.4730568913561498,0.001692969176057624,0.0001248812700741835,0.016661449744055964,0.8126857783870298,0.006159766730062591,0.8126857783870298,0.24811757022715275
GRP_Contract_tenure_median,54.938201141357425,0.0,0.2760145541591747,0.4616380791173342,4.2115254999976646e-05,0.0,0.036896550983429616,0.7930688856155204,0.012312888746143197,0.7930688856155204,0.24653968780695631
GRP_Contract_tenure_mean,57.503919982910155,0.0,0.23604017175184872,0.4618351092855089,4.40821177844389e-05,0.0,0.03155293117679998,0.7934073726315952,0.01053233776486147,0.7934073726315952,0.24539484822488158
FREQ_PaymentMethod,1425.6505334854126,0.0004266758856829256,0.030403479445672833,0.4730568913561498,0.0010928940975716004,0.0011286234662872434,0.00406421876142807,0.8126857783870298,0.0020952454417623046,0.8126857783870298,0.24527240532534253
GRP_Contract_MonthlyCharges_mean,263.7840388774872,0.0,0.2686532321386463,0.45908862405143525,0.0002022150676842244,0.0,0.03591251811580323,0.7886890617242477,0.01203824439449582,0.7886890617242477,0.24503348959342136
GRP_Contract_MonthlyCharges_std,80.51648626327514,0.0,0.07354899867786276,0.46958934253953083,6.172339611111199e-05,0.0,0.00983174379251391,0.8067287198162302,0.003297822396208341,0.8067287198162302,0.2443270916222149
GRP_Contract_Artifact_Diff_std,159.30188837051392,0.0,0.033357428523758274,0.4713380405096725,0.00012211975476662356,0.0,0.004459091173479142,0.8097328869618652,0.001527070309415255,0.8097328869618652,0.2439888153051502
GRP_Contract_TotalCharges_median,0.0,0.0,0.05295061899756108,0.46876041816490616,0.0,0.0,0.0070782325932022905,0.8053046732312948,0.0023594108644007634,0.8053046732312948,0.24324298957446897
GRP_Contract_MonthlyCharges_median,199.0155816078186,0.0,0.06591439095220937,0.46682739617204655,0.00015256400454059077,0.0,0.008811179155818675,0.8019838475301772,0.002987914386786422,0.8019838475301772,0.24268669432980364
fiber_no_support,306.0631915569305,0.001346768531948328,0.04265499720607378,0.46107374479093133,0.00023462598138881,0.0035624102974116823,0.005701953956400221,0.7920993902129516,0.003166330078400238,0.7920993902129516,0.23984624811876565
GRP_InternetService_TotalCharges_diff,19392.321172857286,0.0031144477892667056,1.1181084748087529,0.38485271294623324,0.014866022808699326,0.008238194323700196,0.14946438774382503,0.6611558404496409,0.05752286829207485,0.6611558404496409,0.23861275993934467
RFM_combined,9407.590826869011,0.0015356715768575669,0.9238900580850375,0.4015838980038907,0.007211795770116111,0.004062087960226953,0.12350202595316746,0.6898990981853853,0.04492530322783684,0.6898990981853853,0.23841744171510137
FREQ_OnlineSecurity,70.9503824710846,0.0003429999924264848,0.5347703003337384,0.42655107517907076,5.4390085369325405e-05,0.0009072878345802633,0.07148601170976289,0.7327913383947389,0.024149229876570824,0.7327913383947389,0.23674186243202122
Contract,84.88886184692383,0.003352214116603136,0.06889193828864135,0.4492849150541378,6.507522978668557e-05,0.008867122898126937,0.009209206091169634,0.7718468276861641,0.0060471347396944194,0.7718468276861641,0.2357870426236353
ORIG_prob_OnlineSecurity,80.06932773590088,0.0024275057367049158,0.44417705597040075,0.42657903006887266,6.138060739552728e-05,0.0064211267402818385,0.05937585951293868,0.7328393633612779,0.021952788953538683,0.7328393633612779,0.23521876127586044
GRP_gender_tenure_diff,2495.320372533798,0.000783500075340271,0.5575647140654064,0.4184437181860384,0.001912895792228355,0.002072478432783949,0.07453308019116936,0.7188633440056168,0.02617281813872722,0.7188633440056168,0.2339799758987941
RFM_recency,862.2425542831421,0.0,0.559386759328748,0.4184534868331678,0.0006609893351263902,0.0,0.07477664410814393,0.7188801260052899,0.02514587781442344,0.7188801260052899,0.23326615227168337
tenure,579.5802333831787,0.002631358662620187,0.5045305157805429,0.4184534868331678,0.000444302303584224,0.0069603491420612154,0.06744367504424247,0.7188801260052899,0.024949442163295966,0.7188801260052899,0.23312864731589414
CROSS_PaperlessBilling_PaymentMethod,23829.09349076748,0.0038820539601147177,1.8076042173236828,0.32941592878744186,0.018267222587061933,0.010268630929929592,0.2416334941667015,0.5659184875887514,0.09005644922789767,0.5659184875887514,0.23281506073615377
is_fiber,452.43198547363284,0.0,0.5161185803316037,0.4188189197518671,0.00034683131304828486,0.0,0.0689927223972343,0.7195079197049652,0.023113184570094192,0.7195079197049652,0.23203160511055548
log_tenure,285.6654477119446,0.0062396293389610944,0.014639065691225925,0.43789953994986097,0.00021898920833092605,0.016504781097751314,0.0019568933068457137,0.7522873780767905,0.006226887870975984,0.7522873780767905,0.23004503493272033
GRP_InternetService_MonthlyCharges_mean,739.3773178100586,0.03835297673940659,0.004056714680145336,0.39634915466658255,0.0005668016723126367,0.1014495334808542,0.0005422858243007417,0.680906096410185,0.03418620699248919,0.680906096410185,0.22820217381779792
FREQ_InternetService,25.28699951171875,0.0,0.30126791236415285,0.4245143886841684,1.9384843524092253e-05,0.0,0.040272321588538544,0.7292924227681321,0.013430568810687547,0.7292924227681321,0.2281891249979209
ORIG_churn_by_tenure_bucket,0.0,7.031388668110594e-06,0.285230436258912,0.4221129960163612,0.0,1.8599106529571073e-05,0.0381284942220247,0.7251669619512416,0.012715697776184759,0.7251669619512416,0.22645107702870182
ORIG_tenure_median_diff,306.9748264789581,0.0,0.33741625832490724,0.4184534868331678,0.0002353248345804041,0.0,0.0451044917390244,0.7188801260052899,0.015113272191201602,0.7188801260052899,0.2262433283354281
CROSS_Contract_PaperlessBilling,1146.2957830429077,0.0006344546447508038,0.8019654301053712,0.38922531916513936,0.0008787426272664656,0.0016782303017068502,0.10720361637802182,0.6686677379687839,0.03658686310233172,0.6686677379687839,0.22621112556226736
COUNT_Contract,189.1808687210083,0.0,0.1462223432947991,0.4261685843594246,0.00014502477987588346,0.0,0.019546433559376023,0.7321342401573601,0.006563819446417302,0.7321342401573601,0.22423494565970012
FREQ_Contract,220.2439568042755,0.00030280310602393,0.01777567827340599,0.4261685843594246,0.0001688375339984188,0.0008009608759029699,0.0023761834649543077,0.7321342401573601,0.0011153272916185654,0.7321342401573601,0.220421001151341
ORIG_tenure_std_diff,280.35574159622195,0.0,0.14298484553567908,0.41845348683316774,0.00021491882338215033,0.0,0.019113657463593683,0.7188801260052898,0.006442858762325278,0.7188801260052898,0.22017403893521464
GRP_InternetService_tenure_mean,476.2309936523437,0.0,0.017859313926437442,0.4259296451309035,0.00036507547243774124,0.0,0.0023873635534301055,0.7317237556755439,0.0009174796752892822,0.7317237556755439,0.2201593624753657
COUNT_OnlineSecurity,63.05844612121582,0.0,0.002458155142417225,0.4265510751790712,4.834018011372541e-05,0.0,0.00032859660902182923,0.7327913383947396,0.00012564559637851823,0.7327913383947396,0.21992535343588684
COUNT_InternetService,223.7280029296875,0.0,0.007704273776091418,0.42451438868416885,0.00017150838029398392,0.0,0.0010298773230846602,0.7292924227681329,0.0004004619011262147,0.7292924227681329,0.2190680501612282
GRP_InternetService_tenure_median,1071.2713802337646,0.0,0.014471393013032541,0.4222117919857616,0.0008212294253434884,0.0,0.0019344794760303911,0.7253366880048321,0.0009185696337912931,0.7253366880048321,0.2182440051451035
ORIG_prob_InternetService,143.65740051269532,0.0,0.0,0.4233380183156657,0.00011012679573651673,0.0,0.0,0.7272714830332572,3.670893191217224e-05,0.7272714830332572,0.21820714116231568
GRP_InternetService_Artifact_Diff_mean,947.2880737304688,0.0,0.05327793065309362,0.41869138255403493,0.000726184657574495,0.0,0.0071219863409806156,0.7192888177982233,0.00261605699951837,0.7192888177982233,0.21761788523912984
ORIG_tenure_mean_diff,261.12074465751647,0.0,0.05043612363305611,0.41845348683316785,0.00020017340427181258,0.0,0.0067421046426430166,0.71888012600529,0.0023140926823049432,0.71888012600529,0.21728390267920047
tenure_quarter,170.05228900909424,4.031485259474721e-05,0.022805045201630885,0.4181294250426494,0.0001303609394949107,0.0001066389974336524,0.003048489654919242,0.7183234056334168,0.0010951631972826016,0.7183234056334168,0.21626363592812284
GRP_Contract_Artifact_Diff_mean,152.4443729400635,0.0,0.02641279963395936,0.4173753406493025,0.00011686282962128456,0.0,0.003530760221243569,0.7170279300291617,0.0012158743502882845,0.7170279300291617,0.2159594910539503
ORIG_prob_TechSupport,49.255027770996094,0.0004884166060946882,0.003662290848283103,0.41631687149597923,3.7758572569003074e-05,0.0012919371857177753,0.0004895607820807142,0.7152095381116459,0.0006064188467891641,0.7152095381116459,0.21498735462624619
WoE_OnlineSecurity,459.3158716201782,0.0009384638746269047,0.12444547813691301,0.4081698043893249,0.0003521084538069821,0.002482381561056567,0.0166353870096573,0.7012133239265786,0.006489959008173617,0.7012133239265786,0.21490696848369512
FREQ_TechSupport,26.885433959960938,8.99879145435989e-05,0.001587592414564244,0.415982722505685,2.0610192607060124e-05,0.0002380319006629558,0.0002122231729530291,0.7146354884841349,0.00015695508874101502,0.7146354884841349,0.21450051510735918
COUNT_TechSupport,27.111431884765626,0.0,0.0026706149615715663,0.4159827225056851,2.078344109417613e-05,0.0,0.000356997410469559,0.714635488484135,0.00012592695052124505,0.714635488484135,0.21447879541060538
GRP_InternetService_MonthlyCharges_median,0.0,0.003398062288761139,0.12804701562854529,0.4022938344255186,0.0,0.008988398378462737,0.01711682651955398,0.6911187299970305,0.00870174163267224,0.6911187299970305,0.2134268381419797
GRP_PaymentMethod_MonthlyCharges_std,4314.4915805339815,0.0015314896940253676,0.6353164660847403,0.37096350959825847,0.0033074601886200613,0.004051026235728205,0.08492663168765291,0.6372949513255746,0.030761706037333723,0.6372949513255746,0.21272167962380595
tenure_year,1.8560579299926758,0.00017377939511789008,0.0162005834604109,0.40905465629443594,1.422841509048342e-06,0.00045967327863708754,0.0021656309227217193,0.7027334509396339,0.0008755756809559517,0.7027334509396339,0.21143293825855933
GRP_SeniorCitizen_tenure_diff,1727.2177172899246,0.0007092859246768058,0.13079873299073597,0.3999536836750483,0.0013240734696968897,0.0018761705682433967,0.01748466538317965,0.6870984794332201,0.00689496980703998,0.6870984794332201,0.21095602269489402
is_first_year,0.0,0.0,0.5086513174306273,0.3782688332022289,0.0,0.0,0.06799452776517276,0.6498450963672037,0.02266484258839092,0.6498450963672037,0.21081891872203473
WoE_TechSupport,110.53384847640991,0.0005443248141091317,0.003008398287572055,0.39676750188169796,8.473450382430493e-05,0.0014398230110959178,0.0004021509703863385,0.6816247939672112,0.0006422361617688538,0.6816247939672112,0.20493700350340155
tenure_squared,380.4642270088196,0.0026082086842507124,0.22048170008785148,0.3783836831436482,0.00029166131409393887,0.006899113881976123,0.0294731352590678,0.6500424022636941,0.012221303485045952,0.6500424022636941,0.2035676331186404
inv_tenure,665.8698935985565,8.225341953220777e-05,0.33729024382409645,0.37062921258125503,0.0005104513759661411,0.0002175729695101776,0.04508764661117243,0.6367206473963007,0.015271890318882916,0.6367206473963007,0.20170651744210824
safe_loyal_contract,17.34520034790039,0.0006064452580176293,0.015879115648540654,0.3892219858051619,1.3296713771132029e-05,0.0016041411576888378,0.0021226583572121413,0.6686620114392745,0.0012466987428907037,0.6686620114392745,0.20147129255180585
GRP_PaymentMethod_tenure_mean,3969.9187975883483,0.00021697133779525758,0.3914525503753694,0.35295530988479373,0.0030433130138250992,0.0005739226226847049,0.0523278528790518,0.6063578524926396,0.018648362838520536,0.6063578524926396,0.19496120973475625
GRP_InternetService_tenure_diff,1086.6372349739074,0.0008191655739210546,0.1928118247256833,0.3595035639772286,0.0008330087861021091,0.002166819172408076,0.02577433404869168,0.6176073936607863,0.009591387335733954,0.6176073936607863,0.19199618923324965
PaperlessBilling,849.2849614620209,0.0024750922806560994,1.373436243498111,0.28510691544902367,0.0006510561317358523,0.006547000481885146,0.18359560978619385,0.48979803431459457,0.06359788879993829,0.48979803431459457,0.19145793245433518
is_new_high_charge,5.261714076995849,0.0005244100349955261,0.01803178344525995,0.36848859551748836,4.033594575102093e-06,0.001387145351570896,0.0024104186072250317,0.633043184756007,0.0012671991844570099,0.633043184756007,0.190799994855922
ORIG_prob_OnlineBackup,217.36143221855164,0.0006541316979564726,0.05932454304170974,0.3648886211799057,0.00016662781006408206,0.0017302791395729861,0.00793027394361534,0.6268586264075925,0.0032757269644174696,0.6268586264075925,0.19035059679737
GRP_PaymentMethod_tenure_median,2519.3326308727264,8.943580905906856e-05,0.034709486078494764,0.3638095938366593,0.0019313034277544478,0.00023657149657963273,0.004639828963386036,0.6250049166480047,0.0022692346292400387,0.6250049166480047,0.18908993923486944
GRP_Partner_tenure_diff,3011.185427594185,0.0006518805748783052,0.2090010506656074,0.3522625468815734,0.0023083544692160517,0.0017243245721442362,0.02793844674229333,0.6051677236713559,0.010657041927884539,0.6051677236713559,0.18901024645092593
CROSS_Partner_Contract,349.2666898727417,0.0005576160969212651,0.02793040379222785,0.3642501557442737,0.0002677454922329995,0.0014749805022553355,0.0037336276365825686,0.6257617778276208,0.0018254512103569678,0.6257617778276208,0.1890063491955361
OnlineSecurity,460.32841005325315,0.0012399325612932443,0.0998841206298668,0.3567855183745883,0.00035288465895058526,0.003279812692131249,0.013352120363658775,0.6129379404794982,0.005661605904913537,0.6129379404794982,0.18784450627728894
FREQ_OnlineBackup,175.79059348106384,0.00030428171157836914,0.0779350729903286,0.3580633329521462,0.00013475988505708304,0.0008048720154403067,0.010418057130156538,0.6151331557983575,0.0037858963435513093,0.6151331557983575,0.18719007417999317
COUNT_OnlineBackup,154.4513836622238,0.0004137508978601545,0.020284733041642418,0.3580633329521462,0.00011840139052417946,0.001094434881818946,0.0027115841377864562,0.6151331557983575,0.0013081401367098606,0.6151331557983575,0.18545564483520416
GRP_InternetService_TotalCharges_std,0.0,0.0,0.01634385572510172,0.3579577044010701,0.0,0.0,0.0021847830012589535,0.6149516917444144,0.0007282610004196512,0.6149516917444144,0.18499529022361808
tenure_cubed,426.1936287879944,4.5763113303110006e-05,0.14173189194366007,0.34871795870758837,0.0003267171655218174,0.0001210504865574566,0.01894616750557813,0.5990783157124562,0.006464645052552468,0.5990783157124562,0.1842487462505236
ORIG_prob_PaperlessBilling,317.90056347846985,0.001992310269270092,1.126053279723642,0.2851069154490237,0.00024370043098213492,0.00526996766743517,0.15052641833307634,0.4897980343145947,0.05201336214383121,0.4897980343145947,0.18334876379506027
GRP_PaymentMethod_MonthlyCharges_mean,1636.4012434482574,0.0014098694082349539,0.06781020715757632,0.3455205416658096,0.0012544541724760119,0.00372932183872456,0.009064604485108358,0.5935853287062282,0.004682793498769644,0.5935853287062282,0.1813535540610072
monthly_to_total_ratio,3363.959985613823,0.0007418726570904254,0.2454666014425911,0.33440109881740937,0.002578789069545851,0.0019623674969326483,0.03281301959762875,0.5744827361183129,0.012451392054702417,0.5744827361183129,0.18106079527378557
ORIG_prob_DeviceProtection,129.15760822296141,0.0006023735273629427,0.01269247647475814,0.34865269549059663,9.901135261966642e-05,0.0015933708026735197,0.0016966808391083105,0.5989661970872546,0.001129687664800499,0.5989661970872546,0.18048064049153673
WoE_OnlineBackup,686.809963798523,0.0011227298760786652,0.05117935191499976,0.34384898906245254,0.0005265038927553214,0.002969793529381212,0.006841456505738057,0.5907136930670565,0.0034459179759581964,0.5907136930670565,0.17962625050328768
GRP_InternetService_TotalCharges_mean,0.0,0.0,0.02063991271080921,0.3456028190438061,0.0,0.0,0.0027590631731279503,0.5937266767263131,0.0009196877243759834,0.5937266767263131,0.1787617844249571
FREQ_DeviceProtection,89.21418118476868,0.000642556301318109,0.01691237244555436,0.3428007344743653,6.839099046113791e-05,0.0016996604317528116,0.0022607801030241604,0.5889128492120494,0.0013429438417460367,0.5889128492120494,0.17761391545283706
COUNT_DeviceProtection,69.49911293983459,0.0,0.025234903479137132,0.3428007344743652,5.327755192060499e-05,0.0,0.003373303649208889,0.5889128492120493,0.0011421937337098315,0.5889128492120493,0.1774733903772117
TechSupport,148.5787884712219,0.0005454396945424378,0.014937951937343642,0.3425499668767886,0.00011389949860121122,0.0014427720416396051,0.001996847256563048,0.5884820442413268,0.0011845062656012882,0.5884820442413268,0.17737376765831894
GRP_Contract_Artifact_Diff_median,248.69753756523133,0.0006243811687454582,0.0030204122150747957,0.34034831123894027,0.00019064985738204672,0.0016515844053995926,0.0004037569454406846,0.584699720680506,0.0007486637360741079,0.584699720680506,0.17593398081940367
WoE_DeviceProtection,307.1129368782043,0.0005968437646515668,0.03277176134922543,0.33019843317397124,0.0002354307090823274,0.0015787437281926879,0.004380801465784922,0.5672627871816287,0.002064991967686646,0.5672627871816287,0.17162433053186926
is_long_term,0.0,0.0,0.04637644673461513,0.32531872583468463,0.0,0.0,0.006199422840533416,0.5588797177669536,0.0020664742801778054,0.5588797177669536,0.16911044732621053
GRP_PaymentMethod_Artifact_Diff_median,40.5221625328064,0.0,0.0015306561699152542,0.31541200980704814,3.1064016891061134e-05,0.0,0.0002046121574401117,0.5418605233036863,7.855872477705761e-05,0.5418605233036863,0.16261314809844982
total_per_service,5565.733859109879,0.0007479261606931686,0.2714928487292478,0.293846832936475,0.004266654092573825,0.0019783799467770423,0.0362921070060619,0.5048127329187426,0.014179047015137588,0.5048127329187426,0.16136915278621908
FREQ_PaperlessBilling,319.3505040645599,0.00011438154615461826,0.40593888005670964,0.28510691544902367,0.0002448119456704458,0.00030255681521278334,0.05426432903074814,0.48979803431459457,0.01827056593054379,0.48979803431459457,0.15972880644575904
GRP_InternetService_TotalCharges_median,24.393400573730467,0.0,0.15816573062295453,0.2907877762959372,1.8699816596394872e-05,0.0,0.02114297907781997,0.49955744148874465,0.007053892964805454,0.49955744148874465,0.15480495752198722
COUNT_PaperlessBilling,499.586669254303,0.0,0.23634239122613726,0.28510691544902644,0.00038297977605959336,0.0,0.03159333069948182,0.48979803431459934,0.010658770158513804,0.48979803431459934,0.15440054940533945
log_monthly,418.0478542327881,0.0009803792869206517,0.11681458470180237,0.2893812281970236,0.00032047266960754224,0.0025932542855324533,0.015615318884860849,0.49714106904498334,0.006176348613333615,0.49714106904498334,0.15346576474282853
WoE_PaperlessBilling,2774.629288339615,0.002861404744908214,0.1359483570959014,0.28510691544902367,0.0021270121260096894,0.007568856478683129,0.018173047084356762,0.48979803431459457,0.009289638563016527,0.48979803431459457,0.15344215728848995
GRP_PaymentMethod_tenure_diff,4425.27491414547,0.0006899243337102235,0.3221727941014199,0.2746156836785348,0.0033923859460686977,0.001824956176610825,0.04306680478951073,0.4717746738828374,0.016094715637396752,0.4717746738828374,0.15279870311102894
GRP_Partner_MonthlyCharges_diff,7284.471579837799,0.0011889297049492598,0.14050117958723837,0.283573805674441,0.0055842268540169295,0.003144902277812042,0.018781650669344695,0.48716423585763174,0.009170259933724556,0.48716423585763174,0.1525684527108967
ORIG_MonthlyCharges_std_diff,849.1746096611023,0.0,0.3626934851856626,0.2729972791410078,0.0006509715367884597,0.0,0.048483453013108996,0.46899434370404075,0.016378141516632486,0.46899434370404075,0.15216300217285497
CROSS3_SeniorCitizen_Contract_InternetService,5899.257656669617,0.001431785780005157,2.244157947571443,0.14987145808508928,0.004522331189584102,0.0037872940192618682,0.2999902971771831,0.2574709401710875,0.10276664079534303,0.2574709401710875,0.1491779306080664
GRP_PaymentMethod_tenure_std,2292.080257511139,0.0005294269998557865,0.2678939815780953,0.2709527921308502,0.001757093288823119,0.0014004159967159,0.035811024456884034,0.4654820272203112,0.01298951124747435,0.4654820272203112,0.14873726603932538
sqrt_monthly,442.660005235672,0.0032417682930827143,0.014733045626090808,0.28361712004232253,0.0003393401788096969,0.008574976675757108,0.0019694561786432704,0.48723864756459623,0.003627924344403358,0.48723864756459623,0.14871114131046123
WoE_StreamingMovies,215.62871279716492,0.0007843011175282299,0.08380136483755009,0.2815820815159845,0.00016529951902507717,0.0020745973128077624,0.01120224018486554,0.4837425630575439,0.004480712338899459,0.4837425630575439,0.14825926755449279
GRP_gender_MonthlyCharges_diff,8699.041083502769,0.0011332948808558286,0.1377935350440223,0.27292978009233093,0.006668626308756131,0.002997739595032095,0.018419703288569393,0.4688783840427047,0.009362023064119207,0.4688783840427047,0.14721693135769484
ORIG_prob_StreamingMovies,139.2996410369873,0.0010703424573875963,0.05535956407986399,0.28045633957214977,0.00010678616667085467,0.0028312207342997176,0.007400250992979189,0.48180860017780325,0.0034460859646499205,0.48180860017780325,0.14695484022859592
WoE_StreamingTV,183.08668565750122,0.0005904857302084565,0.04247117684570549,0.28145719205181013,0.00014035302018219144,0.0015619257473488174,0.00567738156630006,0.4835280098119206,0.0024598867779436896,0.4835280098119206,0.1467803236881368
has_phone_and_internet,466.84986610412597,0.0017215922474861146,0.03734632340368854,0.27968434713203605,0.0003578839632388156,0.004553876783500585,0.0049923111109321985,0.48048235953198126,0.003301357285890533,0.48048235953198126,0.14645565795971774
ORIG_prob_StreamingTV,82.96956405639648,0.001400353382632602,0.030006512829566345,0.28023356635161956,6.360390902645592e-05,0.003704150484633587,0.004011153809710177,0.48142588801053865,0.0025929694011234067,0.48142588801053865,0.146242844983948
has_internet,0.0,0.0,0.0,0.2812551108775671,0.0,0.0,0.0,0.48318084544461537,0.0,0.48318084544461537,0.1449542536333846
MonthlyCharges,451.03890998363494,0.001176898623816669,0.08635527451553682,0.2729972791410079,0.000345763390759666,0.0031130782142858963,0.011543636887398009,0.468994343704041,0.0050008261641478575,0.468994343704041,0.14419888142611578
ORIG_MonthlyCharges_mean_diff,1087.1062741041183,0.0,0.06476170721222242,0.2729972791410077,0.0008333683483404679,0.0,0.00865709288123885,0.4689943437040406,0.0031634870765264392,0.4689943437040406,0.1429127440647807
ORIG_MonthlyCharges_median_diff,1896.653376340866,0.0,0.039809143754579876,0.27299727914100774,0.0014539617048187283,0.0,0.005321531346859637,0.4689943437040407,0.0022584976838927883,0.4689943437040407,0.14227925148993714
price_sensitivity,255.0210979938507,0.0,0.026124451952419463,0.27299727914100774,0.00019549745621903487,0.0,0.003492215025808856,0.4689943437040407,0.001229237494009297,0.4689943437040407,0.14155876935701872
RFM_monetary,294.45027432441714,0.0,0.01535882868278641,0.2729972791410079,0.00022572359724844644,0.0,0.0020531084212805206,0.468994343704041,0.0007596106728429891,0.468994343704041,0.14123003058220238
GRP_InternetService_Artifact_Diff_std,46.45,0.0,0.003930072599061347,0.27244809665162556,3.560825717091508e-05,0.0,0.000525356803961226,0.4680508783259535,0.0001869883537107137,0.4680508783259535,0.14054615534538353
GRP_PaymentMethod_MonthlyCharges_median,1734.8929110527038,0.0005768286646343768,0.053490885635346264,0.2672681290474399,0.0013299572215449335,0.001525800704418727,0.007150453333903491,0.4591519782542116,0.0033354037532890503,0.4591519782542116,0.1400803761035658
CROSS_StreamingTV_StreamingMovies,2947.981881594658,0.0024073108332231643,1.4271216108911993,0.1807093185696353,0.002259903056512824,0.006367708108637283,0.19077206068429006,0.310448692127788,0.06646655728314672,0.310448692127788,0.1396611977365391
log_total,2006.4222184181212,0.0014355077641084791,0.333974169116544,0.24824016471094823,0.0015381097598895672,0.003797139240754604,0.04464436665484986,0.426462979762738,0.016659871885164677,0.426462979762738,0.13960080424843668
FREQ_StreamingTV,56.8444803237915,0.0005322817247360945,0.03170023280387254,0.26376764482805115,4.357659578291904e-05,0.0014079671839233813,0.004237563701659581,0.45313833846892054,0.001896369160455294,0.45313833846892054,0.13726895995299487
FREQ_StreamingMovies,198.0946166038513,0.001924269599840045,0.033352685852588035,0.2601923932691379,0.00015185799897101746,0.00508998961206011,0.004458457191661902,0.44699625249749486,0.00323343493423101,0.44699625249749486,0.13636228020321015
CROSS_Partner_Dependents,691.9230168104172,0.0010099734761752188,0.04953865209081805,0.2596902032712268,0.0005304235247591115,0.0026715354764298245,0.006622134141032195,0.44613351764084674,0.00327469771407371,0.44613351764084674,0.1361323436921056
COUNT_StreamingTV,29.00220422744751,1.5195338346529751e-05,0.0048442566410979,0.2637676448280508,2.2232894438199165e-05,4.019401145349088e-05,0.0006475613674777846,0.45313833846892,0.0002366627577898249,0.45313833846892,0.13610716547112886
COUNT_StreamingMovies,138.42640719413757,9.153950377367437e-05,0.016110644902466078,0.2601923932691379,0.00010611675148793668,0.0002421360932687762,0.00215360828645641,0.44699625249749486,0.0008339537104043742,0.44699625249749486,0.13468264334653152
sqrt_total,2347.472015786171,0.0021525039337575436,0.2842931338166408,0.2386269401432835,0.0017995562376671775,0.005693704595060462,0.038003199280772414,0.40994798752113865,0.015165486704500018,0.40994798752113865,0.1336002369494916
GRP_SeniorCitizen_TotalCharges_diff,9133.82629275322,0.0013093351619318128,0.3857401910760009,0.22868779987564533,0.007001929721998331,0.00346339326541975,0.05156424692802911,0.3928730899929634,0.020676523305149064,0.3928730899929634,0.13233549331149336
fiber_monthly_premium,18010.41737167835,0.006803491897881031,1.3507068051000857,0.1600792071397451,0.013806664661490615,0.017996284454542214,0.18055722695441814,0.27500729285433567,0.070786725356817,0.27500729285433567,0.13205289560607258
OnlineBackup,651.8742625951767,0.0010611676378175616,0.0985313263278064,0.24662016737294232,0.0004997224194960103,0.0028069519227423953,0.013171284088238023,0.4236799132401301,0.00549265281015881,0.4236799132401301,0.1309488309391502
WoE_Dependents,2575.9777463674545,0.0029422688763588666,0.15130685106294361,0.24036881998771925,0.001974727191802079,0.0077827545671351325,0.02022611076213976,0.4129404415009839,0.00999453084035899,0.4129404415009839,0.13087830403854647
SeniorCitizen,1872.5113674163817,0.008202513586729765,0.020301205083948684,0.2363617497835288,0.001435454603367586,0.02169691240391001,0.002713786056270812,0.4060565147948147,0.008615384354516135,0.4060565147948147,0.1278477234866057
risk_senior_alone_mtm,230.96964259147643,0.0006373001611791551,0.02266680583134565,0.24387520467593016,0.00017705977248808682,0.001685757131139929,0.0030300103541114126,0.4189642179678987,0.001630942419246476,0.4189642179678987,0.12683092508384214
GRP_SeniorCitizen_Artifact_Diff_std,0.0,0.0,0.1593671625006872,0.23636174978352884,0.0,0.0,0.021303581813660908,0.40605651479481475,0.007101193937886969,0.40605651479481475,0.1267877901949653
monthly_squared,352.6605096578598,0.0018434704281389714,0.05253586646048334,0.2403689499025524,0.00027034717162374705,0.004876263352155723,0.0070227900888154724,0.41294066468753765,0.004056466870864981,0.41294066468753765,0.12672172621586678
Dependents,1515.3470866680145,0.003475193586200476,0.012638637215435252,0.24036881998771925,0.001161654871157623,0.009192422545743442,0.0016894838165361912,0.4129404415009839,0.004014520411145753,0.4129404415009839,0.1266922967380972
ORIG_prob_Dependents,1295.0915873527526,0.00018591838306747377,0.07586618185765207,0.24036881998771925,0.0009928084887480182,0.0004917827723220888,0.010141495818422434,0.4129404415009839,0.0038753623598308472,0.4129404415009839,0.12659488610217676
FREQ_Dependents,855.6419654369354,0.0,0.08128620037862351,0.24036881998771925,0.0006559293681701963,0.0,0.010866022792368993,0.4129404415009839,0.00384065072017973,0.4129404415009839,0.12657058795442097
GRP_PaymentMethod_TotalCharges_median,35.720849704742434,0.0003853152127703652,0.0016879946748324555,0.24397440539487414,2.7383362812703433e-05,0.0010192181129572066,0.00022564455620625168,0.41913463935899276,0.0004240820106587206,0.41913463935899276,0.12603724921515894
GRP_SeniorCitizen_tenure_std,0.0,0.0,0.13435431415644788,0.23636174978353935,0.0,0.0,0.017959961630350577,0.40605651479483285,0.005986653876783526,0.40605651479483285,0.12600761215219833
total_minus_monthly,2828.2837912559507,0.0010292695485986769,0.30119217895246314,0.22383030401084844,0.0021681433065957496,0.002722576561419748,0.04026219784091925,0.3845281786725146,0.015050972569644916,0.3845281786725146,0.1258941344005058
COUNT_Dependents,1177.6147222280501,0.0,0.052319723422991106,0.24036881998771925,0.0009027515151206056,0.0,0.0069938969290803295,0.4129404415009839,0.0026322161480669785,0.4129404415009839,0.12572468375394205
GRP_gender_TotalCharges_diff,3769.0991880178453,0.0008637051214464009,0.37788310863257857,0.21841169453079312,0.0028893660535979897,0.002284633138937878,0.050513942737230685,0.37521930495449335,0.018562647309922183,0.37521930495449335,0.12555964460329352
GRP_SeniorCitizen_MonthlyCharges_mean,295.00360107421875,0.0,0.10878505848229643,0.2363617497835317,0.00022614777380832766,0.0,0.014541963081456603,0.40605651479481963,0.004922703618421643,0.40605651479481963,0.12526284697134102
TotalCharges,2392.8568074941636,0.001317115081474185,0.36171052125698167,0.2183653512090968,0.00183434791333535,0.0034839723514566703,0.04835205422212882,0.37513968967110145,0.017890124828973616,0.37513968967110145,0.12506499428161194
COUNT_SeniorCitizen,0.0,0.0,0.08001139041700187,0.2363617497835288,0.0,0.0,0.010695611159959088,0.4060565147948147,0.003565203719986363,0.4060565147948147,0.12431259704243484
GRP_SeniorCitizen_TotalCharges_median,0.0,0.0,0.0736489605306688,0.2363617497835312,0.0,0.0,0.009845106303812244,0.4060565147948188,0.003281702101270748,0.4060565147948188,0.12411414590933516
WoE_SeniorCitizen,382.1597541809082,0.0023220628732815384,0.010036813330782867,0.2363617497835288,0.0002929610938051123,0.006142214118300242,0.0013416821294026191,0.4060565147948147,0.002592285780502658,0.4060565147948147,0.12363155448479626
ORIG_prob_SeniorCitizen,0.0,0.0,0.05407232439214303,0.23636174978353103,0.0,0.0,0.007228177803177391,0.4060565147948185,0.00240939260105913,0.4060565147948185,0.12350352925918694
revenue_per_month_actual,10635.238697195053,0.001533101871609688,1.3589389008392074,0.15173674196426076,0.00815290235960795,0.004055290693867371,0.18165766146253404,0.26067539551029956,0.06462195150533645,0.26067539551029956,0.12343798470682538
ORIG_TotalCharges_std_diff,4717.089638400078,0.0,0.3207323737520275,0.21836535120909684,0.0036160891483833966,0.0,0.04287425500524001,0.3751396896711015,0.015496781384541136,0.3751396896711015,0.12338965387050925
GRP_SeniorCitizen_MonthlyCharges_median,0.0,0.0,0.032651107488511646,0.2363617497835317,0.0,0.0,0.004364672927430359,0.40605651479481963,0.0014548909758101197,0.40605651479481963,0.12283537812151296
ORIG_TotalCharges_mean_diff,3546.5307570934297,0.0015506751020438968,0.2788158196317052,0.2183653512090968,0.002718746593393821,0.004101774596314251,0.03727101324553823,0.37513968967110145,0.014697178145082099,0.37513968967110145,0.1228299316028879
ORIG_TotalCharges_median_diff,4053.2361418247224,0.0005624417797662317,0.29055764239886867,0.2183653512090968,0.0031071835287953134,0.0014877451769942695,0.03884061439822672,0.37513968967110145,0.014478514368005435,0.37513968967110145,0.12267686695893423
GRP_SeniorCitizen_tenure_mean,0.0,0.0,0.026214161923688965,0.2363617497835317,0.0,0.0,0.0035042071054973726,0.40605651479481963,0.001168069035165791,0.40605651479481963,0.12263460276306194
GRP_SeniorCitizen_Artifact_Diff_mean,0.0,0.0,0.026148030429233537,0.2363617497835317,0.0,0.0,0.0034953669047904997,0.40605651479481963,0.0011651223015968332,0.40605651479481963,0.12263254004956367
GRP_SeniorCitizen_TotalCharges_std,0.0,0.0,0.0205767719284821,0.23636174978355173,0.0,0.0,0.002750622759174553,0.4060565147948541,0.0009168742530581844,0.4060565147948541,0.12245876641559696
FREQ_SeniorCitizen,0.0,0.0,0.017113251650813253,0.2363617497835316,0.0,0.0,0.002287632853093533,0.4060565147948195,0.000762544284364511,0.4060565147948195,0.12235073543750101
GRP_SeniorCitizen_TotalCharges_mean,0.0,0.0,0.014475048534060352,0.2363617497835313,0.0,0.0,0.0019349681318492284,0.40605651479481897,0.0006449893772830761,0.40605651479481897,0.12226844700254384
GRP_SeniorCitizen_tenure_median,0.0,0.0,0.012480183437945807,0.2363617497835316,0.0,0.0,0.0016683023324747211,0.4060565147948195,0.0005561007774915737,0.4060565147948195,0.12220622498268996
GRP_SeniorCitizen_MonthlyCharges_diff,3849.5851432323457,0.0006824818905442953,0.16573753864140037,0.22483047109293147,0.00295106604481273,0.0018052697675930494,0.02215514889415587,0.38624641083120814,0.008970494902187216,0.38624641083120814,0.12215326968089349
GRP_SeniorCitizen_MonthlyCharges_std,0.0,0.0,0.010237589112914678,0.23636174978353103,0.0,0.0,0.001368521054271024,0.4060565147948185,0.000456173684757008,0.4060565147948185,0.12213627601777545
GRP_InternetService_MonthlyCharges_diff,4476.22997648716,0.0006930835545063019,0.5031140907400939,0.2038464725732405,0.003431447753690289,0.0018333128024368422,0.0672543328594496,0.3501970529585028,0.024173031138525574,0.3501970529585028,0.12198023768451874
Expected_TotalCharges,3523.5446858167647,0.0013500208035111428,0.18843771217302105,0.2209837998291904,0.002701125625958547,0.0035710130568543832,0.02518961971252848,0.3796380407021725,0.010487252798447137,0.3796380407021725,0.12123248916956474
GRP_Contract_tenure_std,102.04371519088745,0.0005469552008435131,0.5566536503093357,0.2004714589682728,7.822602482653894e-05,0.001446780789338018,0.0744112927353324,0.34439896480306564,0.025312099849832317,0.34439896480306564,0.12103815933580231
GRP_Partner_MonthlyCharges_mean,3.653890037536621,0.0,0.04212518682074111,0.22821209672725945,2.801047494743779e-06,0.0,0.0056311309668172,0.3920558580902236,0.001877977338103981,0.3920558580902236,0.11893134156373986
avg_monthly_charges,11489.745247316361,0.001547144609503448,1.1818767777288546,0.15173674196426076,0.008807961326043922,0.004092435899513224,0.1579886862069469,0.26067539551029956,0.05696302781083468,0.26067539551029956,0.11807673812067412
Partner,2.9566999435424806,0.0004647909023333341,0.005399219312829528,0.22821209672726317,2.2665862640880675e-06,0.0012294435586642182,0.0007217466167803916,0.39205585809023,0.0006511522539028994,0.39205585809023,0.11807256400480104
WoE_Partner,36.67207036018372,0.0003610933490563184,0.007033227867241659,0.22821209672726317,2.8112562160932488e-05,0.0009551475509634599,0.0009401745185947979,0.39205585809023,0.0006411448772397301,0.39205585809023,0.11806555884113681
ORIG_prob_Partner,10.072036075592042,0.0,0.00965677731712321,0.22821209672726317,7.721155022915299e-06,0.0,0.0012908803947033448,0.39205585809023,0.0004328671832420867,0.39205585809023,0.11791976445533847
GRP_Partner_TotalCharges_mean,3.2867580890655517,0.0,0.008780311609577244,0.2282120967272582,2.5196066155873317e-06,0.0,0.001173717871291452,0.3920558580902215,0.00039207915930234647,0.3920558580902215,0.11789121283857808
GRP_Partner_tenure_std,2.237019920349121,0.0,0.008690353224032383,0.22821209672726034,1.7148844051722596e-06,0.0,0.0011616925845497651,0.39205585809022514,0.0003878024896516458,0.39205585809022514,0.11788821916982369
COUNT_Partner,3.604840087890625,0.0,0.007538967891084804,0.22821209672726323,2.763446133684251e-06,0.0,0.0010077798759678314,0.3920558580902301,0.0003368477740338385,0.3920558580902301,0.11785255086889271
GRP_Partner_TotalCharges_median,1.2170260429382325,0.0,0.00648593279452699,0.22821209672726317,9.329639681516838e-07,0.0,0.0008670142440762616,0.39205585809023,0.00028931573601480445,0.39205585809023,0.11781927844227937
GRP_Partner_MonthlyCharges_std,10.82976016998291,0.0,0.00643003577681305,0.2282120967272594,8.302021210593851e-06,0.0,0.0008595421483739652,0.39205585809022353,0.0002892813898615197,0.39205585809022353,0.11781925439997011
GRP_Partner_TotalCharges_std,0.0,0.0,0.004881885400774366,0.22821209672725817,0.0,0.0,0.0006525914335700431,0.3920558580902214,0.00021753047785668105,0.3920558580902214,0.1177690287615661
GRP_Partner_tenure_median,0.0,0.0,0.0033178484619010838,0.22821209672726328,0.0,0.0,0.0004435170648980712,0.3920558580902302,0.0001478390216326904,0.3920558580902302,0.11772024474221193
GRP_Partner_MonthlyCharges_median,3.8495820999145507,0.0,0.0030932908323127234,0.22821209672726317,2.9510637118258044e-06,0.0,0.0004134990752523262,0.39205585809023,0.00013881671298805067,0.39205585809023,0.11771392912616065
GRP_Partner_Artifact_Diff_mean,3.3839801788330077,0.0,0.0026223515901987434,0.22821209672726328,2.5941364148367043e-06,0.0,0.00035054575088981594,0.3920558580902302,0.00011771329576821755,0.3920558580902302,0.1176991567341068
GRP_Partner_tenure_mean,2.9089920997619627,0.0,0.0019283346596786876,0.22821209672726317,2.2300137523462693e-06,0.0,0.0002577722696569047,0.39205585809023,8.666742780308365e-05,0.39205585809023,0.11767742462653116
GRP_Partner_Artifact_Diff_median,0.0,0.0,0.0005595265227820786,0.22821209672726328,0.0,0.0,7.47953271424395e-05,0.3920558580902302,2.49317757141465e-05,0.3920558580902302,0.11763420967006895
FREQ_Partner,2.156597948074341,0.0,0.0,0.22821209672726395,1.6532334628481999e-06,0.0,0.0,0.39205585809023136,5.510778209494e-07,0.39205585809023136,0.11761714318154406
GRP_Partner_Artifact_Diff_std,1.1297300338745118,0.0,0.0,0.22821209672726317,8.660434355201338e-07,0.0,0.0,0.39205585809023,2.8868114517337794e-07,0.39205585809023,0.11761695950387063
tenure_monthly_product,3556.586781549454,0.000835604639723897,0.0640549086733305,0.2209837998291904,0.0027264554740170097,0.0022103030346357993,0.008562610804361845,0.3796380407021725,0.004499789771004885,0.3796380407021725,0.11704126505035516
security_support_count,4055.346941900253,0.0027377662248909474,0.4773683941793189,0.19154182486420182,0.003108801653917507,0.007241813541149489,0.0638127483797749,0.32905834346305285,0.024721121191613963,0.32905834346305285,0.11602228787304562
DeviceProtection,483.02033989429475,0.0007461149361915886,0.04515188156709906,0.21845097800588048,0.00037028013954227895,0.001973588978869574,0.00603572773657983,0.3752867918088495,0.002793198951663894,0.3752867918088495,0.11454127680881956
CROSS_SeniorCitizen_Contract,1792.565601158142,0.0008234216715209186,1.1612697595606594,0.14758294441160907,0.0013741687173686782,0.0021780772064034283,0.15523402024820615,0.25353939927174696,0.052928755390659415,0.25353939927174696,0.11311194855498567
FREQ_MonthlyCharges,7210.301999545098,0.0005537271033972501,0.38100481133260605,0.18767208327935386,0.005527368953278041,0.001464693515109537,0.050931239800342254,0.3224103397884353,0.019307767422909943,0.3224103397884353,0.11023853913256755
monthly_cubed,370.1853792667389,0.00011571766808629035,0.09731810930450879,0.20096313544699523,0.000283781618640318,0.0003060910636118756,0.013009105960021458,0.3452436380107207,0.004532992880757884,0.3452436380107207,0.10674618641974673
GRP_Contract_MonthlyCharges_diff,3547.667670416832,0.000893257895950228,0.1363086796597473,0.1918003419910082,0.0027196181434907154,0.0023628047814377327,0.01822121360183596,0.32950246169970454,0.007767878842254802,0.32950246169970454,0.10428825369948971
GRP_PaymentMethod_TotalCharges_diff,5685.636318731308,0.0007690496393479406,0.42978599041315874,0.16990805945535903,0.0043585705106066585,0.0020342548028431055,0.057452117898456834,0.291892721733443,0.021281647737302196,0.291892721733443,0.10246496993614443
charge_growth_rate,3452.716321516037,0.0006514755426906049,0.152613118552639,0.17976447369965834,0.0026468290788968555,0.0017232531995943004,0.02040072751442793,0.3088255004934564,0.008256936597639696,0.3088255004934564,0.09842750576638472
GRP_PaymentMethod_Artifact_Diff_mean,46.22599802017212,9.36437281779945e-06,0.005242118291784859,0.1863350045525381,3.54365387617761e-05,2.4770209106883662e-05,0.0007007459639337279,0.32011331191351755,0.0002536509039341292,0.32011331191351755,0.09621154920680915
CROSS_SeniorCitizen_InternetService,3061.6691242694856,0.005152359697967767,0.16857361669410972,0.16356516889762684,0.002347054931092318,0.013628785354418681,0.02253426476644582,0.2809959838477381,0.012836701683985605,0.2809959838477381,0.09328448633311134
is_contract_end_risk,53.59830975532532,0.0006355300312861801,0.000455891612065589,0.17646969119205536,4.108810328727643e-05,0.0016810748648046975,6.094181576307577e-05,0.30316524496027697,0.0005943682612850166,0.30316524496027697,0.0913656312709826
GRP_InternetService_MonthlyCharges_std,36.207784271240236,0.0,0.05647905314427657,0.17255391937484368,2.7756643571998624e-05,0.0,0.0075498999325661585,0.2964381638725589,0.0025258855253793857,0.2964381638725589,0.09069956902953323
Is_Artifact_Loose,56.62329788208008,0.0005576539726462216,0.0014721580288308467,0.17047244056876537,4.3407038812711264e-05,0.0014750806893843082,0.0001967923536926905,0.292862297513516,0.00057176002729657,0.292862297513516,0.0882589212731624
GRP_Partner_TotalCharges_diff,4688.5638733386995,0.0006737718125805259,0.356524351318674,0.14392679082963938,0.003594221489001208,0.0017822302691986947,0.04765878721626235,0.247258328064545,0.017678412991487417,0.247258328064545,0.08655238751340469
MultipleLines,3954.1435904979708,0.0025269276928156616,0.8598107279092329,0.10968949407521084,0.003031219846311674,0.006684113134629314,0.1149361505774359,0.18844053115437898,0.04155049451945896,0.18844053115437898,0.08561750550993497
has_any_streaming,267.4305858850479,0.001589938986580819,0.12374980517480516,0.15483228757025674,0.0002050104860616421,0.004205633621285947,0.01654239215656922,0.2659933729804711,0.006984345421305602,0.2659933729804711,0.08468705368905526
GRP_Contract_tenure_diff,4256.032513141632,0.0006829515099525451,0.8862991226745092,0.1048426519882885,0.003262645861264224,0.0018065119832939118,0.11847701606151691,0.18011392243964836,0.041182057968691684,0.18011392243964836,0.08286161730997868
has_full_protection,54.00122041702271,0.0005615631525870413,0.0,0.1559012975211239,4.139697188703153e-05,0.0014854210727131827,0.0,0.2678298734096972,0.0005089393482000715,0.2678298734096972,0.08070521956664921
overpaying_flag,6.558879852294922,0.002930273909441894,0.11734450081670564,0.1439848346813493,5.027993122360625e-06,0.00775102603127432,0.01568615600796123,0.24735804421638505,0.00781407001078597,0.24735804421638505,0.07967726227246569
CLV_ratio,3231.919992733002,0.0008528868667781353,0.13209130370313765,0.14397182246150994,0.002477568100259606,0.0022560171883004676,0.017657451203605314,0.2473356899368007,0.007463678830721796,0.2473356899368007,0.07942528216254545
GRP_PaymentMethod_TotalCharges_mean,76.66927213668824,0.0005809889291413129,0.004989486920351576,0.15299989098522102,5.8774147671691454e-05,0.0015368052451158764,0.0006669751857785788,0.26284541620775737,0.0007541848595220489,0.26284541620775737,0.07938155426399264
PaymentMethod,86.31111359596252,0.0005769362673163414,0.0017187141506849473,0.15109748319930788,6.616551839899027e-05,0.0015260853300935677,0.00022975101613706406,0.25957718403409186,0.0006073339548765406,0.25957718403409186,0.07829828897864113
streaming_count,2995.1396255016325,0.0026667409110814333,0.22402849838563252,0.12744388045502286,0.0022960538653963485,0.007053940641471716,0.029947257446648355,0.21894159260916005,0.013099083984505475,0.21894159260916005,0.07485183657190184
risk_new_expensive,9.90509204864502,0.0005836609110701829,0.0031715319244120807,0.1405042425516234,7.593176856183809e-06,0.0015438730490570142,0.00042395803982554336,0.24137857794947365,0.0006584747552462471,0.24137857794947365,0.07287450571351448
Is_Artifact_Strict,43.944903421401975,0.00047568128793500363,0.002999307418741897,0.13764408321899763,3.3687867004958175e-05,0.0012582503067355042,0.00040093573843490247,0.23646498117915218,0.0005642913040584549,0.23646498117915218,0.07133449826658657
Artifact_Abs_Diff,7979.570239043236,0.0006446889718063175,0.3850741152232278,0.10967559861572519,0.006117084804848909,0.0017053016738281584,0.0514752085012855,0.18841665951755374,0.019765864993320854,0.18841665951755374,0.07036110335059072
GRP_InternetService_tenure_std,72.91240234375,0.0,0.002261336115324642,0.13228495093184622,5.589415658999959e-05,0.0,0.00030228660776210353,0.22725828601448173,0.00011939358811736771,0.22725828601448173,0.06826106131602667
CROSS_OnlineSecurity_TechSupport,3256.929836988449,0.0012199844233691693,0.36940980206256,0.10712925877834979,0.002496740478430812,0.0032270467934121068,0.04938126410435459,0.18404218741792341,0.018368350458732502,0.18404218741792341,0.06807050154648978
FREQ_tenure,8120.594844627381,0.0009204020141623914,1.1256345022480099,0.058366968159383414,0.006225193317724411,0.002434605156884047,0.150470437790574,0.10027124816788244,0.05304341208839416,0.10027124816788244,0.06721176291224064
GRP_PaymentMethod_MonthlyCharges_diff,5188.684459662438,0.0006661021849140525,0.2429655662070173,0.1126389017354983,0.0039776105622904324,0.001761942922168963,0.032478690944700225,0.19350745165375038,0.012739414809719874,0.19350745165375038,0.06696982586292903
ORIG_prob_MultipleLines,456.22752752304075,0.002628853463102132,0.06631751804833438,0.11505861187334829,0.0003497409500213384,0.006953722503297033,0.008865067616520646,0.19766438087892704,0.005389510356613006,0.19766438087892704,0.06307197151330722
FREQ_TotalCharges,14727.729017806054,0.0006529421079903841,1.0259725049852872,0.05396106527202833,0.011290177877493788,0.0017271324908027176,0.13714801001383484,0.09270214879963733,0.050055106794043784,0.09270214879963733,0.06284921939572184
WoE_MultipleLines,767.8289140224457,0.0014675404876470567,0.033023190637620395,0.11521043713150533,0.0005886124743546972,0.0038818707305993253,0.004414411554159618,0.19792520834039887,0.0029616315863712135,0.19792520834039887,0.06145070461257951
CROSS_InternetService_OnlineSecurity,281.8470654964447,0.0006861912668682634,0.03880722876119965,0.11558117984283829,0.00021606206224036918,0.0018150816395665966,0.005187599251333263,0.19856212397242187,0.0024062476510467432,0.19856212397242187,0.061253010547459276
is_high_value,10.165422058105468,0.0006084966997150331,0.017074996759906223,0.11603421358904079,7.792744088178952e-06,0.001609567537095549,0.00228251908821611,0.19934041108628822,0.001299959789799946,0.19934041108628822,0.06071209517874642
GRP_Contract_TotalCharges_diff,6728.74657034874,0.0010125667555257677,1.6974158119020764,0.006322197988062027,0.005158211804410995,0.002678395099923623,0.22690393713009485,0.010861189186602277,0.07824684801147648,0.010861189186602277,0.05803115036401422
CROSS_InternetService_TechSupport,272.28792741298673,0.0005748700816184283,0.011448651097762521,0.11048568113118717,0.00020873409136398468,0.0015206199505335314,0.0015304111053379076,0.18980833682247283,0.001086588382411808,0.18980833682247283,0.05770311291443011
COUNT_MultipleLines,2904.97923579216,0.005129631981253624,1.1856742308769308,0.02664754753445193,0.0022269375178526497,0.013568667041480386,0.1584963149590321,0.045779024269276006,0.058097306506121715,0.045779024269276006,0.054401821835068004
Artifact_Diff_Bin_10,19.662379932403564,0.0005756386613938958,0.07052703419996618,0.09673196673112339,1.5073048034989577e-05,0.001522652962474007,0.009427779346622688,0.16618021027539842,0.003655168452377228,0.16618021027539842,0.05241268099928358
tenure_mod_12,3888.440592241287,0.0007696521002799273,0.7567091263457791,0.04562858957812346,0.002980852370341293,0.002035848404844477,0.10115392988929989,0.07838741283674044,0.03539021022149522,0.07838741283674044,0.04828937100606879
Artifact_Diff_Bin_20,78.24112920761108,0.0005354960158001631,0.0072520234014836395,0.08925173195993272,5.997912271619828e-05,0.0014164694790942903,0.0009694222537683947,0.15332957744746217,0.000815290285192961,0.15332957744746217,0.04656957643387372
fiber_tenure_interaction,2122.885608005524,0.0020930770318955184,1.2177827849555947,0.006035552947348725,0.0016273898099955888,0.005536511282242046,0.1627884614589751,0.010368748737494668,0.056650787517070915,0.010368748737494668,0.04276617588319804
GRP_InternetService_Artifact_Diff_diff,3394.113284897804,0.000965615501627326,0.25524859057458316,0.06370734834363534,0.0026019043857020527,0.0025542017984048902,0.03412063782025247,0.10944572824887117,0.013092248001453139,0.10944572824887117,0.041998292075678546
fiber_full_bundle,62.38610992431641,0.0005139128013979643,0.0014131234910288385,0.08066022106342444,4.7824771713197754e-05,0.0013593785511332654,0.0001889008465204315,0.13856983322212585,0.0005320347231222983,0.13856983322212585,0.04194337427282336
internet_service_count,529.1843727111816,0.0006006276584230363,0.048758498549974924,0.07413888521241516,0.00040566917619653663,0.0015887527102976485,0.006517846253089802,0.127366536115498,0.002837422713194662,0.127366536115498,0.040196156733885664
has_no_protection,2861.6358757972716,0.003979528602212667,0.353892170315055,0.04582795995355956,0.002193710789987213,0.010526466378641708,0.047306927507655694,0.07872992020046177,0.020009034892094872,0.07872992020046177,0.03762530048460494
FREQ_MultipleLines,2481.1467699050904,0.0033156896941363813,0.664059164076582,0.02664754753445204,0.001902030403908842,0.008770510172468469,0.08876884365030806,0.04577902426927619,0.03314712807556179,0.04577902426927619,0.036936696933676114
is_second_year,158.18418731689454,0.0008950567338615656,0.062487761428810865,0.05966244660264915,0.00012126293266635486,0.0023675629849052976,0.008353120662140523,0.10249680903864966,0.0036139821932373918,0.10249680903864966,0.033278830246861076
CROSS_InternetService_StreamingTV,3280.8460570335387,0.0026694506872445346,0.7878276415338277,0.002390072888643372,0.0025150744916476414,0.0070611084169863005,0.1053137318448965,0.004106014057506922,0.038296638251176816,0.004106014057506922,0.028039450993075848
Artifact_Ratio,3031.4448813676836,0.0007559904479421675,0.32329348328340385,0.03109581237222512,0.0023238852300364824,0.001999711229217655,0.043216614156142176,0.053420899143551345,0.015846736871798772,0.053420899143551345,0.027118985553324544
InternetService,16.53227014541626,0.0038184236735105516,0.0005941496200245289,0.04157077628583061,1.2673526952788454e-05,0.010100319016747294,7.942360798256361e-05,0.07141631228994913,0.003397472050560882,0.07141631228994913,0.023803124122377353
PhoneService,509.642138004303,0.003583070542663336,0.08222175319057894,0.034843024310695414,0.00039068823068228657,0.00947777371889624,0.01099108384985257,0.059858403610015584,0.0069531819331437,0.059858403610015584,0.022824748436205262
GRP_SeniorCitizen_Artifact_Diff_diff,1159.2419117212296,0.0006713368115015328,0.06894934210455055,0.0359064008264128,0.0008886670423223417,0.0017757893161230653,0.009216879609788205,0.06168522610681258,0.003960445322744537,0.06168522610681258,0.02127787955796495
FREQ_PhoneService,0.0,0.0,0.10442516377626984,0.034843024310696497,0.0,0.0,0.013959149331676853,0.059858403610017444,0.0046530497772256174,0.059858403610017444,0.021214655927063165
GRP_PaymentMethod_Artifact_Diff_diff,3229.0400322914124,0.0006826926954090595,0.13657260342177352,0.030785432785062277,0.002475360341980894,0.0018058273789443437,0.018256493902800534,0.0528876840461753,0.007512560541241924,0.0528876840461753,0.021125097592721936
GRP_gender_Artifact_Diff_diff,1145.4859698534012,0.0007210110081359745,0.04242364616496073,0.03690546049129776,0.0008781218299292784,0.0019071852207706037,0.005671027849950868,0.06340155578353396,0.0028187783002169165,0.06340155578353396,0.020993611545212027
Artifact_Diff,766.8812459468842,0.0005576416966505349,0.042816366202586206,0.036901742925229616,0.0005878859983902782,0.0014750482174840465,0.0057235251355907645,0.06339516920904578,0.002595486450488363,0.06339516920904578,0.020835391278055587
RFM_frequency,156.96451082229615,0.0005897762137465179,0.044770169273651954,0.03633761012187921,0.00012032793687981063,0.0015600489669739918,0.005984701923324885,0.06242602001202178,0.002555026275726229,0.06242602001202178,0.020516324396614893
service_count,162.40763394832612,0.0005862461403012276,0.04133520110744136,0.03633761012187921,0.0001245005984101579,0.0015507113787442395,0.005525528752340727,0.06242602001202178,0.002400246909831708,0.06242602001202178,0.020407978840488727
charges_deviation,740.5442194223403,0.0006301170680671931,0.02544016574622674,0.036901742925229616,0.0005676962112298225,0.001666756742979462,0.0034007423099190726,0.06339516920904578,0.001878398421376119,0.06339516920904578,0.020333429657677017
WoE_PhoneService,295.291082572937,0.0021234331419691444,0.023394993772475225,0.03484302431069544,0.00022636815518912935,0.00561680787111408,0.0031273516830034815,0.05985840361001563,0.00299017590310223,0.05985840361001563,0.02005064421517625
Artifact_Log_Ratio,3175.9417176246643,0.0009162601898424327,0.1845461855998688,0.02508983221506858,0.0024346555315611796,0.0024236493933229948,0.024669415591238267,0.043102954836677095,0.009842573505374147,0.043102954836677095,0.01982068790476503
GRP_Partner_Artifact_Diff_diff,2716.3285731077194,0.0006600287626497448,0.0946384314593556,0.030351076175007173,0.0020823191903535944,0.0017458777843953627,0.01265089705855953,0.0521414832272247,0.0054930313444361625,0.0521414832272247,0.019487566909272724
ORIG_prob_PhoneService,123.95200939178467,0.0,0.04436312481552077,0.03484302431069664,9.502077561408717e-05,0.0,0.005930289804921525,0.059858403610017694,0.0020084368601785375,0.059858403610017694,0.019363426885130285
COUNT_PhoneService,0.0,0.0,0.03689274466639556,0.03484302431069545,0.0,0.0,0.004931678471263934,0.05985840361001564,0.0016438928237546447,0.05985840361001564,0.019108246059632943
NOISE_benchmark,10919.339163398743,0.0005400136229582131,0.3361895599809566,0.0025237894015168088,0.008370691863654404,0.0014284192461683813,0.04494051148035021,0.004335731688374145,0.018246540863391,0.004335731688374145,0.014073298110885942
GRP_Contract_Artifact_Diff_diff,1863.1149043083192,0.0006606812123209238,0.06907178759727928,0.01977829018804532,0.0014282513380317644,0.0017476036143149174,0.009233247646535107,0.033978017127193484,0.004136367532960597,0.033978017127193484,0.013088862411230463
Artifact_Pct_Deviation,3798.2052533388137,0.0009124001720920205,0.30001712895490906,0.0012574143164565221,0.0029116785672510036,0.0024134390515633997,0.04010512173210714,0.002160168789836147,0.015143413116973847,0.002160168789836147,0.011248439818832535
CROSS_InternetService_PaymentMethod,1380.8321185827256,0.0010176482028327882,0.055476154517047974,0.010645001172625476,0.0010585366025479697,0.002691836311076735,0.0074158363486965485,0.018287527825892894,0.0037220697541070842,0.018287527825892894,0.008091707175642827
StreamingMovies,288.69965460300443,0.0010343186324462295,0.0895641938146862,0.00804118916593754,0.00022131521089899112,0.002735932166235518,0.011972592725916935,0.013814321693407766,0.004976613367683814,0.013814321693407766,0.007627925865401
CROSS_PhoneService_InternetService,1226.297401571274,0.0025523830438032745,0.0770860220817184,0.0045961740223559875,0.0009400713292395013,0.0067514464605359665,0.010304559310331437,0.007895974736257402,0.005998692366702301,0.007895974736257402,0.006567877077568831
StreamingTV,108.77177171707153,0.0010525588877499104,0.09722774004666812,0.0051077697110493364,8.338370764774057e-05,0.002784180452247404,0.012997025749470929,0.008774868053493078,0.005288196636455358,0.008774868053493078,0.006334198061566674
GRP_PaymentMethod_TotalCharges_std,92.66039371490479,0.0004555515246465802,0.0,0.011112128995153412,7.103283377736431e-05,0.0012050039809400849,0.0,0.01909002778941534,0.0004253456049058164,0.01909002778941534,0.006024750260258674
Artifact_Diff_Quartile,20.839522123336792,0.00030976190173532815,0.018774820196214143,0.009902128924736565,1.5975437310801953e-05,0.0008193679628758189,0.0025097448672030944,0.01701131407222156,0.0011150294224632385,0.01701131407222156,0.005883914817390735
gender,106.44213781356811,0.0004493380431085825,0.011411097203758571,0.006808432379763387,8.159782598681415e-05,0.0011885683648051293,0.001525391046997274,0.011696513187412284,0.0009318524125964059,0.011696513187412284,0.00416125064504117
WoE_gender,246.79851977825166,0.0004221638257149607,0.005942607442567029,0.006808432379763384,0.00018919408313595597,0.001116688372385722,0.0007943846263727699,0.011696513187412279,0.0007000890272981494,0.011696513187412279,0.003999016275332388
COUNT_gender,24.25345995426178,0.0,0.012665569982697317,0.006808432379763047,1.8592539059975105e-05,0.0,0.0016930840840055528,0.0116965131874117,0.0005705588743551759,0.0116965131874117,0.003908345168272133
GRP_gender_MonthlyCharges_mean,48.72338154315948,0.0004346369067206979,0.0038534711847975204,0.006808432379762757,3.735101615124736e-05,0.0011496815936863467,0.0005151170251372507,0.011696513187411202,0.0005673832116582816,0.011696513187411202,0.0039061222043841578
GRP_gender_MonthlyCharges_std,55.93293619155884,0.0002038307284237817,0.0024715355761212934,0.006808432379763087,4.28778121901703e-05,0.0005391636859938629,0.00033038525330490514,0.011696513187411769,0.0003041422504963128,0.011696513187411769,0.0037218535315709494
GRP_gender_tenure_std,9.288020062446595,0.0,0.005561753398827518,0.00680843237976304,7.120133627388957e-06,0.0,0.0007434735405972842,0.011696513187411687,0.0002501978914082244,0.011696513187411687,0.0036840924802092633
GRP_gender_TotalCharges_mean,26.38443410396576,0.0,0.004538617631545306,0.006808432379763437,2.0226129491562434e-05,0.0,0.000606704734635232,0.01169651318741237,0.0002089769547089315,0.01169651318741237,0.003655237824519963
GRP_gender_TotalCharges_std,22.018162155151366,0.0,0.0034840896752372334,0.006808432379762676,1.6878974821346383e-05,0.0,0.00046573954306444786,0.011696513187411063,0.00016087283929526474,0.011696513187411063,0.003621564943730004
FREQ_gender,17.85782582759857,0.0,0.0034764885606645263,0.006808432379763749,1.3689689011464784e-05,0.0,0.0004647234556620385,0.011696513187412905,0.00015947104822450108,0.011696513187412905,0.003620583689981022
ORIG_prob_gender,13.199683785438538,0.0,0.00348100535304159,0.006808432379763129,1.0118788693361749e-05,0.0,0.0004653272428816276,0.01169651318741184,0.00015848201052499645,0.01169651318741184,0.0036198913635910493
GRP_gender_Artifact_Diff_std,20.146852016448975,0.0,0.003099296167001726,0.006808432379763338,1.544444107182097e-05,0.0,0.00041430184501278436,0.011696513187412199,0.00014324876202820178,0.011696513187412199,0.003609228089643401
GRP_gender_Artifact_Diff_mean,28.84749779701233,0.0,0.0029735903223226025,0.006808432379763685,2.2114297530536516e-05,0.0,0.000397497977110791,0.011696513187412796,0.00013987075821377584,0.011696513187412796,0.003606863486973482
GRP_gender_TotalCharges_median,14.097503924369812,0.0,0.0023111997542030836,0.006808432379764043,1.08070515652733e-05,0.0,0.00030895218487162347,0.01169651318741341,0.00010658641214563226,0.01169651318741341,0.0035835644447259653
GRP_gender_MonthlyCharges_median,30.437521982192994,0.0,0.0017193669174659012,0.006808432379764064,2.333319936248243e-05,0.0,0.00022983827545890355,0.011696513187413446,8.439049160712866e-05,0.011696513187413446,0.003568027300349024
GRP_gender_tenure_mean,58.916898536682126,0.0,0.0010951667189127636,0.006808432379763924,4.516529762770478e-05,0.0,0.0001463976231355442,0.011696513187413207,6.3854306921083e-05,0.011696513187413207,0.00355365197106872
GRP_PaymentMethod_Artifact_Diff_std,47.932019758224484,0.0,0.0033637406130670707,0.0014380547215861992,3.6744363536539074e-05,0.0,0.0004496517489925143,0.0024704990924559983,0.00016213203750968446,0.0024704990924559983,0.0008546421539935786
GRP_gender_tenure_median,0.0,0.0,0.0,0.0,0.0,0.0,0.0,0.0,0.0,0.0,0.0
GRP_SeniorCitizen_Artifact_Diff_median,0.0,0.0,0.0,0.0,0.0,0.0,0.0,0.0,0.0,0.0,0.0
GRP_InternetService_Artifact_Diff_median,0.0,0.0,0.0,0.0,0.0,0.0,0.0,0.0,0.0,0.0,0.0
GRP_gender_Artifact_Diff_median,0.0,0.0,0.0,0.0,0.0,0.0,0.0,0.0,0.0,0.0,0.0
ORIG_MonthlyCharges_std_global,0.0,0.0,0.0,0.0,0.0,0.0,0.0,0.0,0.0,0.0,0.0
ORIG_TotalCharges_mean_global,0.0,0.0,0.0,0.0,0.0,0.0,0.0,0.0,0.0,0.0,0.0
ORIG_TotalCharges_median_global,0.0,0.0,0.0,0.0,0.0,0.0,0.0,0.0,0.0,0.0,0.0
ORIG_tenure_mean_global,0.0,0.0,0.0,0.0,0.0,0.0,0.0,0.0,0.0,0.0,0.0
ORIG_tenure_median_global,0.0,0.0,0.0,0.0,0.0,0.0,0.0,0.0,0.0,0.0,0.0
ORIG_MonthlyCharges_mean_global,0.0,0.0,0.0,0.0,0.0,0.0,0.0,0.0,0.0,0.0,0.0
ORIG_tenure_std_global,0.0,0.0,0.0,0.0,0.0,0.0,0.0,0.0,0.0,0.0,0.0
ORIG_MonthlyCharges_median_global,0.0,0.0,0.0,0.0,0.0,0.0,0.0,0.0,0.0,0.0,0.0
ORIG_TotalCharges_std_global,0.0,0.0,0.0,0.0,0.0,0.0,0.0,0.0,0.0,0.0,0.0
